id	output
{"chainId":1,"tokenAddress":"0xe6EE69495B571e1042f760d7f34009164AFF87a2"}	{"metadata": "Metadata for token 0xe6EE69495B571e1042f760d7f34009164AFF87a2 on chain 1", "processedAt": -911531801}
{"chainId":1,"tokenAddress":"0xf4eCEd2f682CE333f96f2D8966C613DeD8fC95DD"}	{"metadata": "Metadata for token 0xf4eCEd2f682CE333f96f2D8966C613DeD8fC95DD on chain 1", "processedAt": -911531800}
{"chainId":1,"tokenAddress":"0x1130547436810DB920FA73681c946feA15E9b758"}	{"metadata": "Metadata for token 0x1130547436810DB920FA73681c946feA15E9b758 on chain 1", "processedAt": -911531800}
{"chainId":1,"tokenAddress":"0xDafE447177aEfb05Dd7eDAe2F5781c98A858d320"}	{"metadata": "Metadata for token 0xDafE447177aEfb05Dd7eDAe2F5781c98A858d320 on chain 1", "processedAt": -911531800}
{"chainId":1,"tokenAddress":"0xaB3652FD492FbB0d6b63acB742f3eD12AfBAEf52"}	{"metadata": "Metadata for token 0xaB3652FD492FbB0d6b63acB742f3eD12AfBAEf52 on chain 1", "processedAt": -911531800}
{"chainId":1,"tokenAddress":"0x5f100EBe48ae9c5396DD059DD0d8f4447f12a9E0"}	{"metadata": "Metadata for token 0x5f100EBe48ae9c5396DD059DD0d8f4447f12a9E0 on chain 1", "processedAt": -911531800}
{"chainId":1,"tokenAddress":"0x2DF8F1448e50fC36969048bEeA636d5a7cc71C64"}	{"metadata": "Metadata for token 0x2DF8F1448e50fC36969048bEeA636d5a7cc71C64 on chain 1", "processedAt": -911531799}
{"chainId":1,"tokenAddress":"0x8a0b307E7E97E5EC998A16885469Bd4aC1593739"}	{"metadata": "Metadata for token 0x8a0b307E7E97E5EC998A16885469Bd4aC1593739 on chain 1", "processedAt": -911531799}
{"chainId":1,"tokenAddress":"0x94f27b5141e17DD8816242D752C7Be8E6764Bd22"}	{"metadata": "Metadata for token 0x94f27b5141e17DD8816242D752C7Be8E6764Bd22 on chain 1", "processedAt": -911531799}
{"chainId":1,"tokenAddress":"0x9b743992d6a615f686647480B1c1c0C7c024cDF3"}	{"metadata": "Metadata for token 0x9b743992d6a615f686647480B1c1c0C7c024cDF3 on chain 1", "processedAt": -911531799}
{"chainId":1,"tokenAddress":"0xA9D4E6da9e2c780cCb01061a7736A162d7b02d6C"}	{"metadata": "Metadata for token 0xA9D4E6da9e2c780cCb01061a7736A162d7b02d6C on chain 1", "processedAt": -911531798}
{"chainId":1,"tokenAddress":"0x99E7Dc40d6Fb46C1f9d40984cC04c85CbCB694d1"}	{"metadata": "Metadata for token 0x99E7Dc40d6Fb46C1f9d40984cC04c85CbCB694d1 on chain 1", "processedAt": -911531798}
{"chainId":1,"tokenAddress":"0x87adf4D3E1eb630D41405c6eA5c0021c5B6614fF"}	{"metadata": "Metadata for token 0x87adf4D3E1eb630D41405c6eA5c0021c5B6614fF on chain 1", "processedAt": -911531797}
{"chainId":1,"tokenAddress":"0xc954BD00745F8FD3C9cbe8Cd2ec06C2379c7d475"}	{"metadata": "Metadata for token 0xc954BD00745F8FD3C9cbe8Cd2ec06C2379c7d475 on chain 1", "processedAt": -911531796}
{"chainId":1,"tokenAddress":"0xCEc1bf073F1be9EC1436E3319705964fB0a62e12"}	{"metadata": "Metadata for token 0xCEc1bf073F1be9EC1436E3319705964fB0a62e12 on chain 1", "processedAt": -911531796}
{"chainId":1,"tokenAddress":"0xAC514F05160D2723aA7FB27BF98aBf347DD26D2D"}	{"metadata": "Metadata for token 0xAC514F05160D2723aA7FB27BF98aBf347DD26D2D on chain 1", "processedAt": -911531796}
{"chainId":1,"tokenAddress":"0x491E59358171dCF43B7846Fc235e8a305057e8E1"}	{"metadata": "Metadata for token 0x491E59358171dCF43B7846Fc235e8a305057e8E1 on chain 1", "processedAt": -911531796}
{"chainId":1,"tokenAddress":"0xB5311AB50F72C46d33230109Bb361Ba5Ecb42BC4"}	{"metadata": "Metadata for token 0xB5311AB50F72C46d33230109Bb361Ba5Ecb42BC4 on chain 1", "processedAt": -911531796}
{"chainId":1,"tokenAddress":"0x93Ea4434718d24522551Aa86972b0dF7fE93B402"}	{"metadata": "Metadata for token 0x93Ea4434718d24522551Aa86972b0dF7fE93B402 on chain 1", "processedAt": -911531796}
{"chainId":1,"tokenAddress":"0xF5C67192cD82567fcc325D8c6754B840788a5bc8"}	{"metadata": "Metadata for token 0xF5C67192cD82567fcc325D8c6754B840788a5bc8 on chain 1", "processedAt": -911531796}
{"chainId":1,"tokenAddress":"0x8cb66fa82B4fAF5b71d8D6c3ba43A775Ab43f76B"}	{"metadata": "Metadata for token 0x8cb66fa82B4fAF5b71d8D6c3ba43A775Ab43f76B on chain 1", "processedAt": -911531796}
{"chainId":1,"tokenAddress":"0x436bfE4380F2ce5535345E430d1d24849ac0d069"}	{"metadata": "Metadata for token 0x436bfE4380F2ce5535345E430d1d24849ac0d069 on chain 1", "processedAt": -911531796}
{"chainId":1,"tokenAddress":"0x45E703a12cBD8e40Bc778E2aE66ffdC70b96B0ba"}	{"metadata": "Metadata for token 0x45E703a12cBD8e40Bc778E2aE66ffdC70b96B0ba on chain 1", "processedAt": -911531796}
{"chainId":1,"tokenAddress":"0xD2b0fB4a6C87c40c4B0d6d6B81E0f2DB9D45Df3E"}	{"metadata": "Metadata for token 0xD2b0fB4a6C87c40c4B0d6d6B81E0f2DB9D45Df3E on chain 1", "processedAt": -911531796}
{"chainId":1,"tokenAddress":"0xcb599a6F65d826f7a96EBe884A599F17FFfc989B"}	{"metadata": "Metadata for token 0xcb599a6F65d826f7a96EBe884A599F17FFfc989B on chain 1", "processedAt": -911531795}
{"chainId":1,"tokenAddress":"0x0Ae74afE5375D55dB3C6fb7A25F841d71873Addf"}	{"metadata": "Metadata for token 0x0Ae74afE5375D55dB3C6fb7A25F841d71873Addf on chain 1", "processedAt": -911531795}
{"chainId":1,"tokenAddress":"0x91AaF9dDDF7A414Cf801ACf17D74403736aF2cea"}	{"metadata": "Metadata for token 0x91AaF9dDDF7A414Cf801ACf17D74403736aF2cea on chain 1", "processedAt": -911531795}
{"chainId":1,"tokenAddress":"0xfD780D7bd2D0a54715bC094157dF163fEdfD801c"}	{"metadata": "Metadata for token 0xfD780D7bd2D0a54715bC094157dF163fEdfD801c on chain 1", "processedAt": -911531795}
{"chainId":1,"tokenAddress":"0xFeCEC2a04Af199E5942bFC8ee874f5fE43eCE0d3"}	{"metadata": "Metadata for token 0xFeCEC2a04Af199E5942bFC8ee874f5fE43eCE0d3 on chain 1", "processedAt": -911531795}
{"chainId":1,"tokenAddress":"0x89CeDD4a7E830AD3A33B161487C4501B24DbB159"}	{"metadata": "Metadata for token 0x89CeDD4a7E830AD3A33B161487C4501B24DbB159 on chain 1", "processedAt": -911531795}
{"chainId":1,"tokenAddress":"0xd9C8cE498CC5c27D7155835c54b51188aB2BA87A"}	{"metadata": "Metadata for token 0xd9C8cE498CC5c27D7155835c54b51188aB2BA87A on chain 1", "processedAt": -911531795}
{"chainId":1,"tokenAddress":"0x6F2E02D328010Aa86c7f70F8cd888B7fB6E4b070"}	{"metadata": "Metadata for token 0x6F2E02D328010Aa86c7f70F8cd888B7fB6E4b070 on chain 1", "processedAt": -911531795}
{"chainId":1,"tokenAddress":"0x91f8a3Ac5f2592c3da8d272F0FCf866bC0e058b5"}	{"metadata": "Metadata for token 0x91f8a3Ac5f2592c3da8d272F0FCf866bC0e058b5 on chain 1", "processedAt": -911531795}
{"chainId":1,"tokenAddress":"0xf5cae5e944dbb4499CB4Cfe09d06E7cf484001DC"}	{"metadata": "Metadata for token 0xf5cae5e944dbb4499CB4Cfe09d06E7cf484001DC on chain 1", "processedAt": -911531795}
{"chainId":1,"tokenAddress":"0x8C73D949d75f92C159Ec99035325a6Be5Edf6cCb"}	{"metadata": "Metadata for token 0x8C73D949d75f92C159Ec99035325a6Be5Edf6cCb on chain 1", "processedAt": -911531795}
{"chainId":1,"tokenAddress":"0xB7e74c6465A8F32832dA5aB3C1d4fDA9846e69A1"}	{"metadata": "Metadata for token 0xB7e74c6465A8F32832dA5aB3C1d4fDA9846e69A1 on chain 1", "processedAt": -911531795}
{"chainId":1,"tokenAddress":"0x89230fDC3b73851Da77ebEc3cc9F340e48AC0Df1"}	{"metadata": "Metadata for token 0x89230fDC3b73851Da77ebEc3cc9F340e48AC0Df1 on chain 1", "processedAt": -911531795}
{"chainId":1,"tokenAddress":"0x52d3fbD8fC248cB85d09FE300E932DD25c37c5F5"}	{"metadata": "Metadata for token 0x52d3fbD8fC248cB85d09FE300E932DD25c37c5F5 on chain 1", "processedAt": -911531795}
{"chainId":1,"tokenAddress":"0x41F0A262E414E4D63B86dfe203c68E4ed88657c8"}	{"metadata": "Metadata for token 0x41F0A262E414E4D63B86dfe203c68E4ed88657c8 on chain 1", "processedAt": -911531795}
{"chainId":1,"tokenAddress":"0xB67B764445f828a37Ffb757f8C94c20F07dB8dA6"}	{"metadata": "Metadata for token 0xB67B764445f828a37Ffb757f8C94c20F07dB8dA6 on chain 1", "processedAt": -911531795}
{"chainId":1,"tokenAddress":"0x17Fa509a1dbF82E7173072e70B95E264dfeeaBf5"}	{"metadata": "Metadata for token 0x17Fa509a1dbF82E7173072e70B95E264dfeeaBf5 on chain 1", "processedAt": -911531795}
{"chainId":1,"tokenAddress":"0x7A47bACAab34D55A5485BE5c40FFD2768659716D"}	{"metadata": "Metadata for token 0x7A47bACAab34D55A5485BE5c40FFD2768659716D on chain 1", "processedAt": -911531795}
{"chainId":1,"tokenAddress":"0xE6069d0158fddf0Fd9b13f8f9FE69829C4b869Ed"}	{"metadata": "Metadata for token 0xE6069d0158fddf0Fd9b13f8f9FE69829C4b869Ed on chain 1", "processedAt": -911531795}
{"chainId":1,"tokenAddress":"0x7739e6Fc3C9f24C00bDD73106c35cA5aEF6bF7F3"}	{"metadata": "Metadata for token 0x7739e6Fc3C9f24C00bDD73106c35cA5aEF6bF7F3 on chain 1", "processedAt": -911531795}
{"chainId":1,"tokenAddress":"0x802d7363Ff914fF2B48Ca943c099B0047F93fd68"}	{"metadata": "Metadata for token 0x802d7363Ff914fF2B48Ca943c099B0047F93fd68 on chain 1", "processedAt": -911531795}
{"chainId":1,"tokenAddress":"0x94CF02F0175D26d14f980Daa0Ee64929FBF5196C"}	{"metadata": "Metadata for token 0x94CF02F0175D26d14f980Daa0Ee64929FBF5196C on chain 1", "processedAt": -911531795}
{"chainId":1,"tokenAddress":"0x314569f698Bc934A4549F1d32397a8e8787Fd0B6"}	{"metadata": "Metadata for token 0x314569f698Bc934A4549F1d32397a8e8787Fd0B6 on chain 1", "processedAt": -911531795}
{"chainId":1,"tokenAddress":"0x235735225dF373B88dbd42B009d4Bb3E7D0aC1c7"}	{"metadata": "Metadata for token 0x235735225dF373B88dbd42B009d4Bb3E7D0aC1c7 on chain 1", "processedAt": -911531795}
{"chainId":1,"tokenAddress":"0xd7BB83FC1777FEC0AbBd01Dd27eC86871734CFe4"}	{"metadata": "Metadata for token 0xd7BB83FC1777FEC0AbBd01Dd27eC86871734CFe4 on chain 1", "processedAt": -911531795}
{"chainId":1,"tokenAddress":"0x38b1a2d1cCaB24E8C8e66FFbaCFd54a0b049186d"}	{"metadata": "Metadata for token 0x38b1a2d1cCaB24E8C8e66FFbaCFd54a0b049186d on chain 1", "processedAt": -911531794}
{"chainId":1,"tokenAddress":"0x477E9b642a72Ac820cBf03Edc0Db0323d5c3B7D2"}	{"metadata": "Metadata for token 0x477E9b642a72Ac820cBf03Edc0Db0323d5c3B7D2 on chain 1", "processedAt": -911531794}
{"chainId":1,"tokenAddress":"0x1614beAa924415AA8E439134660F5C40BB060140"}	{"metadata": "Metadata for token 0x1614beAa924415AA8E439134660F5C40BB060140 on chain 1", "processedAt": -911531794}
{"chainId":1,"tokenAddress":"0xD82a1B174822778DfAA385529468577b700749a1"}	{"metadata": "Metadata for token 0xD82a1B174822778DfAA385529468577b700749a1 on chain 1", "processedAt": -911531794}
{"chainId":1,"tokenAddress":"0x2F28eC9BFe4ccA27B9BD6d50D558fB95d02b35fA"}	{"metadata": "Metadata for token 0x2F28eC9BFe4ccA27B9BD6d50D558fB95d02b35fA on chain 1", "processedAt": -911531794}
{"chainId":1,"tokenAddress":"0x6eFfB8f9cdb66b3BE22049F00B0932d7533E2875"}	{"metadata": "Metadata for token 0x6eFfB8f9cdb66b3BE22049F00B0932d7533E2875 on chain 1", "processedAt": -911531794}
{"chainId":1,"tokenAddress":"0x18e9398595a9ee1190Ed9Fc0A1AFc3C911010D7a"}	{"metadata": "Metadata for token 0x18e9398595a9ee1190Ed9Fc0A1AFc3C911010D7a on chain 1", "processedAt": -911531794}
{"chainId":1,"tokenAddress":"0x744F580A064F76E5568681Acf26eCA8D38f0F9e1"}	{"metadata": "Metadata for token 0x744F580A064F76E5568681Acf26eCA8D38f0F9e1 on chain 1", "processedAt": -911531794}
{"chainId":1,"tokenAddress":"0x253D5902E135aEe388e562A69Cc3f7FDEF4b4741"}	{"metadata": "Metadata for token 0x253D5902E135aEe388e562A69Cc3f7FDEF4b4741 on chain 1", "processedAt": -911531794}
{"chainId":1,"tokenAddress":"0x7BDd870Bb886A42FBae0ff7cc16d581f965c55Bb"}	{"metadata": "Metadata for token 0x7BDd870Bb886A42FBae0ff7cc16d581f965c55Bb on chain 1", "processedAt": -911531794}
{"chainId":1,"tokenAddress":"0xA62D33e7CF4a3516Ba8EBE02e087D08d15FA997e"}	{"metadata": "Metadata for token 0xA62D33e7CF4a3516Ba8EBE02e087D08d15FA997e on chain 1", "processedAt": -911531794}
{"chainId":1,"tokenAddress":"0x02509C89A9995d60b232Da2c5d5253AC8a4F4184"}	{"metadata": "Metadata for token 0x02509C89A9995d60b232Da2c5d5253AC8a4F4184 on chain 1", "processedAt": -911531794}
{"chainId":1,"tokenAddress":"0xf40f6093d0bC6C174bA3bcCf1e3D7d6714A7583e"}	{"metadata": "Metadata for token 0xf40f6093d0bC6C174bA3bcCf1e3D7d6714A7583e on chain 1", "processedAt": -911531794}
{"chainId":1,"tokenAddress":"0x070e22E71dA64b423C83A4E7D188bB752c369e17"}	{"metadata": "Metadata for token 0x070e22E71dA64b423C83A4E7D188bB752c369e17 on chain 1", "processedAt": -911531794}
{"chainId":1,"tokenAddress":"0xD04Fa77dB62e9f18130Db565fB5857B66bc5E0BB"}	{"metadata": "Metadata for token 0xD04Fa77dB62e9f18130Db565fB5857B66bc5E0BB on chain 1", "processedAt": -911531794}
{"chainId":1,"tokenAddress":"0xEebafCDc08cC06c0322eB01b811527fdFB08c5ba"}	{"metadata": "Metadata for token 0xEebafCDc08cC06c0322eB01b811527fdFB08c5ba on chain 1", "processedAt": -911531794}
{"chainId":1,"tokenAddress":"0xD917e598A6931d8d393911F2c825d8C50C6A446b"}	{"metadata": "Metadata for token 0xD917e598A6931d8d393911F2c825d8C50C6A446b on chain 1", "processedAt": -911531794}
{"chainId":1,"tokenAddress":"0x36fa1ac86209CFA7b9C46764Ff7f03Bf8e80907a"}	{"metadata": "Metadata for token 0x36fa1ac86209CFA7b9C46764Ff7f03Bf8e80907a on chain 1", "processedAt": -911531794}
{"chainId":1,"tokenAddress":"0xF4A5fBD6deb3C10320B455Cb10F10929e7C72AB6"}	{"metadata": "Metadata for token 0xF4A5fBD6deb3C10320B455Cb10F10929e7C72AB6 on chain 1", "processedAt": -911531794}
{"chainId":1,"tokenAddress":"0xcfc00378Ca44da2a0C465367F1F104A9d9E7a83C"}	{"metadata": "Metadata for token 0xcfc00378Ca44da2a0C465367F1F104A9d9E7a83C on chain 1", "processedAt": -911531794}
{"chainId":1,"tokenAddress":"0xb31142cA6b76d8c8a725d32BD2b6088754e5b30e"}	{"metadata": "Metadata for token 0xb31142cA6b76d8c8a725d32BD2b6088754e5b30e on chain 1", "processedAt": -911531793}
{"chainId":1,"tokenAddress":"0x56A46EDC89a0f0e04687CEf43229aFB43560745c"}	{"metadata": "Metadata for token 0x56A46EDC89a0f0e04687CEf43229aFB43560745c on chain 1", "processedAt": -911531793}
{"chainId":1,"tokenAddress":"0xCb10bB1d302812c9D9d43d4674dbAe93cb33cd2E"}	{"metadata": "Metadata for token 0xCb10bB1d302812c9D9d43d4674dbAe93cb33cd2E on chain 1", "processedAt": -911531793}
{"chainId":1,"tokenAddress":"0x0E7dB7c15DEC9194c7bd2D848D99651c8a1CdfCF"}	{"metadata": "Metadata for token 0x0E7dB7c15DEC9194c7bd2D848D99651c8a1CdfCF on chain 1", "processedAt": -911531793}
{"chainId":1,"tokenAddress":"0xeFD98Ff04917Ec82822EB5C9576305253BaD1a7e"}	{"metadata": "Metadata for token 0xeFD98Ff04917Ec82822EB5C9576305253BaD1a7e on chain 1", "processedAt": -911531793}
{"chainId":1,"tokenAddress":"0x0d5781131E377e20B7b8EE5F0231ff8f91b4beb1"}	{"metadata": "Metadata for token 0x0d5781131E377e20B7b8EE5F0231ff8f91b4beb1 on chain 1", "processedAt": -911531793}
{"chainId":1,"tokenAddress":"0x6416Ea38216F6553f3353AC184B00BF6b1B3eB66"}	{"metadata": "Metadata for token 0x6416Ea38216F6553f3353AC184B00BF6b1B3eB66 on chain 1", "processedAt": -911531793}
{"chainId":1,"tokenAddress":"0xF92BB30F072537A83EC4673feeeD228B7c66a97C"}	{"metadata": "Metadata for token 0xF92BB30F072537A83EC4673feeeD228B7c66a97C on chain 1", "processedAt": -911531793}
{"chainId":1,"tokenAddress":"0x5eEbdca5c7cCbd770C4825f97DC46f68E59a31A1"}	{"metadata": "Metadata for token 0x5eEbdca5c7cCbd770C4825f97DC46f68E59a31A1 on chain 1", "processedAt": -911531793}
{"chainId":1,"tokenAddress":"0xa04bf47F0E9D1745D254b9B89f304c7d7ad121Aa"}	{"metadata": "Metadata for token 0xa04bf47F0E9D1745D254b9B89f304c7d7ad121Aa on chain 1", "processedAt": -911531793}
{"chainId":1,"tokenAddress":"0xB7d533eA6aA3d25b70db67e65DAF24dF256E62bf"}	{"metadata": "Metadata for token 0xB7d533eA6aA3d25b70db67e65DAF24dF256E62bf on chain 1", "processedAt": -911531793}
{"chainId":1,"tokenAddress":"0x865DCa32945420DE5CC4800b8c3AB4E7FEd6Bb25"}	{"metadata": "Metadata for token 0x865DCa32945420DE5CC4800b8c3AB4E7FEd6Bb25 on chain 1", "processedAt": -911531780}
{"chainId":1,"tokenAddress":"0x4508E985f66517D72065DA4C5c60de3C94F1c9C3"}	{"metadata": "Metadata for token 0x4508E985f66517D72065DA4C5c60de3C94F1c9C3 on chain 1", "processedAt": -911531778}
{"chainId":1,"tokenAddress":"0x633481A3B00CdE2121c0e8Ec8f771649d462Fd58"}	{"metadata": "Metadata for token 0x633481A3B00CdE2121c0e8Ec8f771649d462Fd58 on chain 1", "processedAt": -911531778}
{"chainId":1,"tokenAddress":"0xb35028C75971D54d47ea0262aa9434C384E5DCD1"}	{"metadata": "Metadata for token 0xb35028C75971D54d47ea0262aa9434C384E5DCD1 on chain 1", "processedAt": -911531778}
{"chainId":1,"tokenAddress":"0x3c725341328F07738C471dBF9667Ba287BB75B6f"}	{"metadata": "Metadata for token 0x3c725341328F07738C471dBF9667Ba287BB75B6f on chain 1", "processedAt": -911531778}
{"chainId":1,"tokenAddress":"0x3Ee7192F069F3Ab16077f843F2F469bD327e206C"}	{"metadata": "Metadata for token 0x3Ee7192F069F3Ab16077f843F2F469bD327e206C on chain 1", "processedAt": -911531777}
{"chainId":1,"tokenAddress":"0xB73B38bfF41831a1540e0E0079F911d56A8Bf341"}	{"metadata": "Metadata for token 0xB73B38bfF41831a1540e0E0079F911d56A8Bf341 on chain 1", "processedAt": -911531776}
{"chainId":1,"tokenAddress":"0x8aa3268DF8c1F2a57EAB6DE1729F68AA8749E394"}	{"metadata": "Metadata for token 0x8aa3268DF8c1F2a57EAB6DE1729F68AA8749E394 on chain 1", "processedAt": -911531776}
{"chainId":1,"tokenAddress":"0x552C90ffcCAEd490854af420550F08Cc4e29221A"}	{"metadata": "Metadata for token 0x552C90ffcCAEd490854af420550F08Cc4e29221A on chain 1", "processedAt": -911531776}
{"chainId":1,"tokenAddress":"0x74e63DE44721c2fFC1d03b3046B1b251F9eD4a90"}	{"metadata": "Metadata for token 0x74e63DE44721c2fFC1d03b3046B1b251F9eD4a90 on chain 1", "processedAt": -911531775}
{"chainId":1,"tokenAddress":"0x0f9719154DeD7f84f0c5239A7e74804D8522e6a0"}	{"metadata": "Metadata for token 0x0f9719154DeD7f84f0c5239A7e74804D8522e6a0 on chain 1", "processedAt": -911531775}
{"chainId":1,"tokenAddress":"0x80a8c746Ce8F2EbeD003BD70E2E9A4a9f17C2539"}	{"metadata": "Metadata for token 0x80a8c746Ce8F2EbeD003BD70E2E9A4a9f17C2539 on chain 1", "processedAt": -911531775}
{"chainId":1,"tokenAddress":"0xA3B66e4F316959326aDbf73554202da99216dcF9"}	{"metadata": "Metadata for token 0xA3B66e4F316959326aDbf73554202da99216dcF9 on chain 1", "processedAt": -911531775}
{"chainId":1,"tokenAddress":"0x5dBB39024A21BBf8aC5A6Be7f4Ef899f97AcF6dd"}	{"metadata": "Metadata for token 0x5dBB39024A21BBf8aC5A6Be7f4Ef899f97AcF6dd on chain 1", "processedAt": -911531775}
{"chainId":1,"tokenAddress":"0xD642A3d338f0e24146df98b853Ed299b1745Aebe"}	{"metadata": "Metadata for token 0xD642A3d338f0e24146df98b853Ed299b1745Aebe on chain 1", "processedAt": -911531775}
{"chainId":1,"tokenAddress":"0x63a8C79612209Aae5dD1ff32Ed3D64ddc301BC49"}	{"metadata": "Metadata for token 0x63a8C79612209Aae5dD1ff32Ed3D64ddc301BC49 on chain 1", "processedAt": -911531775}
{"chainId":1,"tokenAddress":"0x550823842d63fCe65C8c2903BDa07C91f6e781C3"}	{"metadata": "Metadata for token 0x550823842d63fCe65C8c2903BDa07C91f6e781C3 on chain 1", "processedAt": -911531775}
{"chainId":1,"tokenAddress":"0x3abB6F8CeE367Db4d709FCee18aF4c03742C2451"}	{"metadata": "Metadata for token 0x3abB6F8CeE367Db4d709FCee18aF4c03742C2451 on chain 1", "processedAt": -911531775}
{"chainId":1,"tokenAddress":"0x3ee899136938Ef9365E4717b294835C3eAf0DeeF"}	{"metadata": "Metadata for token 0x3ee899136938Ef9365E4717b294835C3eAf0DeeF on chain 1", "processedAt": -911531775}
{"chainId":1,"tokenAddress":"0x6aa323340abd0f818b08145E56c20ecAC25dcC32"}	{"metadata": "Metadata for token 0x6aa323340abd0f818b08145E56c20ecAC25dcC32 on chain 1", "processedAt": -911531775}
{"chainId":1,"tokenAddress":"0x3E6A4C18AC20A8B989C55b0B39fCEd4E6617e984"}	{"metadata": "Metadata for token 0x3E6A4C18AC20A8B989C55b0B39fCEd4E6617e984 on chain 1", "processedAt": -911531775}
{"chainId":1,"tokenAddress":"0xe6FE45f04B964A1b63236231AC1E2Ea718233236"}	{"metadata": "Metadata for token 0xe6FE45f04B964A1b63236231AC1E2Ea718233236 on chain 1", "processedAt": -911531775}
{"chainId":1,"tokenAddress":"0xF2B112eDd8aac585b394B2748C8F9EBf990BB20d"}	{"metadata": "Metadata for token 0xF2B112eDd8aac585b394B2748C8F9EBf990BB20d on chain 1", "processedAt": -911531775}
{"chainId":1,"tokenAddress":"0xf935F0769b02141c010C48bC4E9ab7f9f30d8bd2"}	{"metadata": "Metadata for token 0xf935F0769b02141c010C48bC4E9ab7f9f30d8bd2 on chain 1", "processedAt": -911531775}
{"chainId":1,"tokenAddress":"0xB22FAC1A7D968948e432D08f1aD2F5e1Eb8119B0"}	{"metadata": "Metadata for token 0xB22FAC1A7D968948e432D08f1aD2F5e1Eb8119B0 on chain 1", "processedAt": -911531775}
{"chainId":1,"tokenAddress":"0x194D26307C4DDBCf0DcA16e6e36706FcDdfb391c"}	{"metadata": "Metadata for token 0x194D26307C4DDBCf0DcA16e6e36706FcDdfb391c on chain 1", "processedAt": -911531775}
{"chainId":1,"tokenAddress":"0x23b92F5568fc401B4123c9efC68A5ac541dE530A"}	{"metadata": "Metadata for token 0x23b92F5568fc401B4123c9efC68A5ac541dE530A on chain 1", "processedAt": -911531775}
{"chainId":1,"tokenAddress":"0xEe6760Ea173d858Cd0434b9D5BBD5E9443311e78"}	{"metadata": "Metadata for token 0xEe6760Ea173d858Cd0434b9D5BBD5E9443311e78 on chain 1", "processedAt": -911531775}
{"chainId":1,"tokenAddress":"0xC86D80C114957b4cf82E8cE87E3f55217688C56D"}	{"metadata": "Metadata for token 0xC86D80C114957b4cf82E8cE87E3f55217688C56D on chain 1", "processedAt": -911531774}
{"chainId":1,"tokenAddress":"0x6E724CcC59c1a72f733a31b41c8594413363d80B"}	{"metadata": "Metadata for token 0x6E724CcC59c1a72f733a31b41c8594413363d80B on chain 1", "processedAt": -911531774}
{"chainId":1,"tokenAddress":"0x3CF9b49AE29c1EbFA17053889E58a28af19626c9"}	{"metadata": "Metadata for token 0x3CF9b49AE29c1EbFA17053889E58a28af19626c9 on chain 1", "processedAt": -911531774}
{"chainId":1,"tokenAddress":"0xBd247894dc95D7022363Ac7c12a507a5Db2e689C"}	{"metadata": "Metadata for token 0xBd247894dc95D7022363Ac7c12a507a5Db2e689C on chain 1", "processedAt": -911531774}
{"chainId":1,"tokenAddress":"0xe0334eb3926210d42E3b6B5739f40D8ab6F5A31C"}	{"metadata": "Metadata for token 0xe0334eb3926210d42E3b6B5739f40D8ab6F5A31C on chain 1", "processedAt": -911531774}
{"chainId":1,"tokenAddress":"0x59a273f78e4D22fcdE1a254251941a49295c6786"}	{"metadata": "Metadata for token 0x59a273f78e4D22fcdE1a254251941a49295c6786 on chain 1", "processedAt": -911531774}
{"chainId":1,"tokenAddress":"0x41A7820c86f4beA29E6C9239aEb0FBDBa12dD790"}	{"metadata": "Metadata for token 0x41A7820c86f4beA29E6C9239aEb0FBDBa12dD790 on chain 1", "processedAt": -911531773}
{"chainId":1,"tokenAddress":"0x89205A3A3b2A69De6Dbf7f01ED13B2108B2c43e7"}	{"metadata": "Metadata for token 0x89205A3A3b2A69De6Dbf7f01ED13B2108B2c43e7 on chain 1", "processedAt": -911531773}
{"chainId":1,"tokenAddress":"0x88dC286a6A95935794f291b2e967Be343BC761d3"}	{"metadata": "Metadata for token 0x88dC286a6A95935794f291b2e967Be343BC761d3 on chain 1", "processedAt": -911531773}
{"chainId":1,"tokenAddress":"0xcB9df5Dc2ed5d7D3972f601AcFE35CdBE57341e0"}	{"metadata": "Metadata for token 0xcB9df5Dc2ed5d7D3972f601AcFE35CdBE57341e0 on chain 1", "processedAt": -911531773}
{"chainId":1,"tokenAddress":"0xBb70744D47D668E5f62FE04dA6A24210b08dE8Cd"}	{"metadata": "Metadata for token 0xBb70744D47D668E5f62FE04dA6A24210b08dE8Cd on chain 1", "processedAt": -911531773}
{"chainId":1,"tokenAddress":"0xD445D1c4b6d2F048B566cE6C079d20512985854E"}	{"metadata": "Metadata for token 0xD445D1c4b6d2F048B566cE6C079d20512985854E on chain 1", "processedAt": -911531773}
{"chainId":1,"tokenAddress":"0x13f82c3480309fc31A0a756FFf680383d62306b5"}	{"metadata": "Metadata for token 0x13f82c3480309fc31A0a756FFf680383d62306b5 on chain 1", "processedAt": -911531773}
{"chainId":1,"tokenAddress":"0xD3e9A471d35601f6af62816953071c03dEbf0b33"}	{"metadata": "Metadata for token 0xD3e9A471d35601f6af62816953071c03dEbf0b33 on chain 1", "processedAt": -911531773}
{"chainId":1,"tokenAddress":"0x4214A91774C7C82a079a81a5Ef108363Db1e2961"}	{"metadata": "Metadata for token 0x4214A91774C7C82a079a81a5Ef108363Db1e2961 on chain 1", "processedAt": -911531773}
{"chainId":1,"tokenAddress":"0xc580F51Ddb0867B4C782103118681176Bc87D6F8"}	{"metadata": "Metadata for token 0xc580F51Ddb0867B4C782103118681176Bc87D6F8 on chain 1", "processedAt": -911531773}
{"chainId":1,"tokenAddress":"0x19e53f65918a7BD89640f7ce877a358Ae7e1E3c1"}	{"metadata": "Metadata for token 0x19e53f65918a7BD89640f7ce877a358Ae7e1E3c1 on chain 1", "processedAt": -911531772}
{"chainId":1,"tokenAddress":"0x61C029e089821313F127F5a97FEBc6A46EAE2Da6"}	{"metadata": "Metadata for token 0x61C029e089821313F127F5a97FEBc6A46EAE2Da6 on chain 1", "processedAt": -911531772}
{"chainId":1,"tokenAddress":"0xedb37809291EFBC00CCa24b630c3f18c2A98f144"}	{"metadata": "Metadata for token 0xedb37809291EFBC00CCa24b630c3f18c2A98f144 on chain 1", "processedAt": -911531772}
{"chainId":1,"tokenAddress":"0x87148e1E98a69adf4A4fB27344baF9c08D533442"}	{"metadata": "Metadata for token 0x87148e1E98a69adf4A4fB27344baF9c08D533442 on chain 1", "processedAt": -911531772}
{"chainId":1,"tokenAddress":"0x0EdaB145c00C3369A97572B9895A3646fc223EcA"}	{"metadata": "Metadata for token 0x0EdaB145c00C3369A97572B9895A3646fc223EcA on chain 1", "processedAt": -911531772}
{"chainId":1,"tokenAddress":"0x31edDd9732e2F47DD7dA3A2d88d4C2B3e150e0EE"}	{"metadata": "Metadata for token 0x31edDd9732e2F47DD7dA3A2d88d4C2B3e150e0EE on chain 1", "processedAt": -911531772}
{"chainId":1,"tokenAddress":"0x2dDA158A8720A4Ec2d4A6A490df9B979e27a0cE0"}	{"metadata": "Metadata for token 0x2dDA158A8720A4Ec2d4A6A490df9B979e27a0cE0 on chain 1", "processedAt": -911531772}
{"chainId":1,"tokenAddress":"0x3D5467556A30a4564A71fAE894f374DD2ac82f92"}	{"metadata": "Metadata for token 0x3D5467556A30a4564A71fAE894f374DD2ac82f92 on chain 1", "processedAt": -911531772}
{"chainId":1,"tokenAddress":"0x500bA2B7424c752499B5D2a5486f4A554219e7b4"}	{"metadata": "Metadata for token 0x500bA2B7424c752499B5D2a5486f4A554219e7b4 on chain 1", "processedAt": -911531772}
{"chainId":1,"tokenAddress":"0x0d90b565Cd67733F70C21fe38f355e3469012856"}	{"metadata": "Metadata for token 0x0d90b565Cd67733F70C21fe38f355e3469012856 on chain 1", "processedAt": -911531772}
{"chainId":1,"tokenAddress":"0x53C5571D750cF483f9e717B7d2B2Bd2dDaE69889"}	{"metadata": "Metadata for token 0x53C5571D750cF483f9e717B7d2B2Bd2dDaE69889 on chain 1", "processedAt": -911531772}
{"chainId":1,"tokenAddress":"0x30b1F3bF2edEa9b256f650d9623F39B351031c57"}	{"metadata": "Metadata for token 0x30b1F3bF2edEa9b256f650d9623F39B351031c57 on chain 1", "processedAt": -911531772}
{"chainId":1,"tokenAddress":"0xEf9C4CA954fc6F92C8873B1f37b9D862372B850c"}	{"metadata": "Metadata for token 0xEf9C4CA954fc6F92C8873B1f37b9D862372B850c on chain 1", "processedAt": -911531772}
{"chainId":1,"tokenAddress":"0x927e57532AD8468515bB026Df6dc29428911B26C"}	{"metadata": "Metadata for token 0x927e57532AD8468515bB026Df6dc29428911B26C on chain 1", "processedAt": -911531772}
{"chainId":1,"tokenAddress":"0x784B994d413f8C665Af1b464a9cB5483f1B181EB"}	{"metadata": "Metadata for token 0x784B994d413f8C665Af1b464a9cB5483f1B181EB on chain 1", "processedAt": -911531772}
{"chainId":1,"tokenAddress":"0xC4244e0DB9bf6B1e2904CD7A00E4f128FbB945e7"}	{"metadata": "Metadata for token 0xC4244e0DB9bf6B1e2904CD7A00E4f128FbB945e7 on chain 1", "processedAt": -911531772}
{"chainId":1,"tokenAddress":"0xb2eA137dD4Da22f3b4B269FB9a5349D46d70eaBD"}	{"metadata": "Metadata for token 0xb2eA137dD4Da22f3b4B269FB9a5349D46d70eaBD on chain 1", "processedAt": -911531772}
{"chainId":1,"tokenAddress":"0x9ce7c91a5a7A09F283C49738E3a234770086E5FC"}	{"metadata": "Metadata for token 0x9ce7c91a5a7A09F283C49738E3a234770086E5FC on chain 1", "processedAt": -911531771}
{"chainId":1,"tokenAddress":"0x1992E866288866E49234F63B486727541BCc0F34"}	{"metadata": "Metadata for token 0x1992E866288866E49234F63B486727541BCc0F34 on chain 1", "processedAt": -911531771}
{"chainId":1,"tokenAddress":"0x483DDd706D79475b63D9f985d01f019de6cb5408"}	{"metadata": "Metadata for token 0x483DDd706D79475b63D9f985d01f019de6cb5408 on chain 1", "processedAt": -911531771}
{"chainId":1,"tokenAddress":"0xC60C058DA880E82DbeFC23f58c7cf0296753fc2d"}	{"metadata": "Metadata for token 0xC60C058DA880E82DbeFC23f58c7cf0296753fc2d on chain 1", "processedAt": -911531771}
{"chainId":1,"tokenAddress":"0x48b47D3df0c7451414dC47C5834bE6449e922De7"}	{"metadata": "Metadata for token 0x48b47D3df0c7451414dC47C5834bE6449e922De7 on chain 1", "processedAt": -911531771}
{"chainId":1,"tokenAddress":"0x617DfA82f5c0cd3F6B08B01c007da56c02F095eB"}	{"metadata": "Metadata for token 0x617DfA82f5c0cd3F6B08B01c007da56c02F095eB on chain 1", "processedAt": -911531771}
{"chainId":1,"tokenAddress":"0xb49Ec58E1267378D37cC03704833f44Ccb59890e"}	{"metadata": "Metadata for token 0xb49Ec58E1267378D37cC03704833f44Ccb59890e on chain 1", "processedAt": -911531771}
{"chainId":1,"tokenAddress":"0x1d8f6083b6b3F87Ff2B5a9cE49276b33cBB479cE"}	{"metadata": "Metadata for token 0x1d8f6083b6b3F87Ff2B5a9cE49276b33cBB479cE on chain 1", "processedAt": -911531771}
{"chainId":1,"tokenAddress":"0xb237C9083633A7EE73F8369CEC362C501D5bBa16"}	{"metadata": "Metadata for token 0xb237C9083633A7EE73F8369CEC362C501D5bBa16 on chain 1", "processedAt": -911531771}
{"chainId":1,"tokenAddress":"0x03ebFe0ec11dd11041E39CC7a0a51f40238f6050"}	{"metadata": "Metadata for token 0x03ebFe0ec11dd11041E39CC7a0a51f40238f6050 on chain 1", "processedAt": -911531771}
{"chainId":1,"tokenAddress":"0x875a532348a5De3aB419580bFe22eda95926Fa79"}	{"metadata": "Metadata for token 0x875a532348a5De3aB419580bFe22eda95926Fa79 on chain 1", "processedAt": -911531771}
{"chainId":1,"tokenAddress":"0x25c6413359059694A7FCa8e599Ae39Ce1C944Da2"}	{"metadata": "Metadata for token 0x25c6413359059694A7FCa8e599Ae39Ce1C944Da2 on chain 1", "processedAt": -911531771}
{"chainId":1,"tokenAddress":"0xf86579112FA089ef7d581f251138f7cB1E0D287b"}	{"metadata": "Metadata for token 0xf86579112FA089ef7d581f251138f7cB1E0D287b on chain 1", "processedAt": -911531771}
{"chainId":1,"tokenAddress":"0x5B321E9D3d186cc89838c493A363a43044EdE2AC"}	{"metadata": "Metadata for token 0x5B321E9D3d186cc89838c493A363a43044EdE2AC on chain 1", "processedAt": -911531771}
{"chainId":1,"tokenAddress":"0x3A35EE166D5CF3666Ade37812aAfCc9706512D6a"}	{"metadata": "Metadata for token 0x3A35EE166D5CF3666Ade37812aAfCc9706512D6a on chain 1", "processedAt": -911531771}
{"chainId":1,"tokenAddress":"0x80C6fD41Ab7cEB8a6C41fd5766eBec355056D686"}	{"metadata": "Metadata for token 0x80C6fD41Ab7cEB8a6C41fd5766eBec355056D686 on chain 1", "processedAt": -911531770}
{"chainId":1,"tokenAddress":"0x01982884d875764EBf62139cEA5EfE953428E5C5"}	{"metadata": "Metadata for token 0x01982884d875764EBf62139cEA5EfE953428E5C5 on chain 1", "processedAt": -911531770}
{"chainId":1,"tokenAddress":"0x8A349E2e714C55EA680db515221899f7eE86b513"}	{"metadata": "Metadata for token 0x8A349E2e714C55EA680db515221899f7eE86b513 on chain 1", "processedAt": -911531770}
{"chainId":1,"tokenAddress":"0xCd74c0F2936533Ce620C680121F8695cbC7d7632"}	{"metadata": "Metadata for token 0xCd74c0F2936533Ce620C680121F8695cbC7d7632 on chain 1", "processedAt": -911531770}
{"chainId":1,"tokenAddress":"0x1eC4B2221A1438f137A0f61B30e3aEDA3b427bBb"}	{"metadata": "Metadata for token 0x1eC4B2221A1438f137A0f61B30e3aEDA3b427bBb on chain 1", "processedAt": -911531770}
{"chainId":1,"tokenAddress":"0x72F815AFbb61Bf4763F8eadfD70f0920f825a4f3"}	{"metadata": "Metadata for token 0x72F815AFbb61Bf4763F8eadfD70f0920f825a4f3 on chain 1", "processedAt": -911531770}
{"chainId":1,"tokenAddress":"0xE9C569db2B527821075f3655F10EC681bcc73949"}	{"metadata": "Metadata for token 0xE9C569db2B527821075f3655F10EC681bcc73949 on chain 1", "processedAt": -911531770}
{"chainId":1,"tokenAddress":"0xb08708e9B7016BA148Fc038dEBE07a75C5Ef877C"}	{"metadata": "Metadata for token 0xb08708e9B7016BA148Fc038dEBE07a75C5Ef877C on chain 1", "processedAt": -911531770}
{"chainId":1,"tokenAddress":"0xCCf35046E3974d541b20DE5870aD1a265a3e6a80"}	{"metadata": "Metadata for token 0xCCf35046E3974d541b20DE5870aD1a265a3e6a80 on chain 1", "processedAt": -911531770}
{"chainId":1,"tokenAddress":"0x31E50aFF8Cc029e22f34247670A3cfD5682fA6Bc"}	{"metadata": "Metadata for token 0x31E50aFF8Cc029e22f34247670A3cfD5682fA6Bc on chain 1", "processedAt": -911531770}
{"chainId":1,"tokenAddress":"0x0631D307221b70cC4C8ada377De03A12B73D7eFe"}	{"metadata": "Metadata for token 0x0631D307221b70cC4C8ada377De03A12B73D7eFe on chain 1", "processedAt": -911531770}
{"chainId":1,"tokenAddress":"0x368Dd260f39F5F04C29fB334aEFfC17e43aF7D4a"}	{"metadata": "Metadata for token 0x368Dd260f39F5F04C29fB334aEFfC17e43aF7D4a on chain 1", "processedAt": -911531770}
{"chainId":1,"tokenAddress":"0x55F118F80Ac1731e6961d93cb3C6B66BD7B7b99B"}	{"metadata": "Metadata for token 0x55F118F80Ac1731e6961d93cb3C6B66BD7B7b99B on chain 1", "processedAt": -911531770}
{"chainId":1,"tokenAddress":"0xD4174307532944e40bD6A040a04b8a4fD031DC36"}	{"metadata": "Metadata for token 0xD4174307532944e40bD6A040a04b8a4fD031DC36 on chain 1", "processedAt": -911531770}
{"chainId":1,"tokenAddress":"0xa9aFF9D7e783B7c30ae54A2038255F73c26A6fCF"}	{"metadata": "Metadata for token 0xa9aFF9D7e783B7c30ae54A2038255F73c26A6fCF on chain 1", "processedAt": -911531770}
{"chainId":1,"tokenAddress":"0x26D507675A7dCBd7214B156d959351558386Aa3B"}	{"metadata": "Metadata for token 0x26D507675A7dCBd7214B156d959351558386Aa3B on chain 1", "processedAt": -911531770}
{"chainId":1,"tokenAddress":"0xEc665De209a95A5f3E8311C9DC5E2cD0Ed8eeae6"}	{"metadata": "Metadata for token 0xEc665De209a95A5f3E8311C9DC5E2cD0Ed8eeae6 on chain 1", "processedAt": -911531770}
{"chainId":1,"tokenAddress":"0x9921fe382bEcbc1389F27163d4cc1720d74e8212"}	{"metadata": "Metadata for token 0x9921fe382bEcbc1389F27163d4cc1720d74e8212 on chain 1", "processedAt": -911531770}
{"chainId":1,"tokenAddress":"0x7e206710D199905b8d5F3660318cCFF6090E5615"}	{"metadata": "Metadata for token 0x7e206710D199905b8d5F3660318cCFF6090E5615 on chain 1", "processedAt": -911531770}
{"chainId":1,"tokenAddress":"0x2F42285a95f02581F49F8e98738aa06671FB670d"}	{"metadata": "Metadata for token 0x2F42285a95f02581F49F8e98738aa06671FB670d on chain 1", "processedAt": -911531770}
{"chainId":1,"tokenAddress":"0x14d2DF0b60ac494D70eEf19F8CF08aFef4b90031"}	{"metadata": "Metadata for token 0x14d2DF0b60ac494D70eEf19F8CF08aFef4b90031 on chain 1", "processedAt": -911531770}
{"chainId":1,"tokenAddress":"0x75438D3290391E1f72c0A396B68b4FA2A9F6b502"}	{"metadata": "Metadata for token 0x75438D3290391E1f72c0A396B68b4FA2A9F6b502 on chain 1", "processedAt": -911531770}
{"chainId":1,"tokenAddress":"0x69a101AA426DAd55D7A4d821419AA787E8d66dB5"}	{"metadata": "Metadata for token 0x69a101AA426DAd55D7A4d821419AA787E8d66dB5 on chain 1", "processedAt": -911531770}
{"chainId":1,"tokenAddress":"0x3C4155a609303d205Ef3751FF6BfFa69B9011409"}	{"metadata": "Metadata for token 0x3C4155a609303d205Ef3751FF6BfFa69B9011409 on chain 1", "processedAt": -911531770}
{"chainId":1,"tokenAddress":"0x464D3810aDc704aD275502ED177b487f7833Cb31"}	{"metadata": "Metadata for token 0x464D3810aDc704aD275502ED177b487f7833Cb31 on chain 1", "processedAt": -911531770}
{"chainId":1,"tokenAddress":"0x7e315dB490Db0191D086bb9fF4B9876913E75FEF"}	{"metadata": "Metadata for token 0x7e315dB490Db0191D086bb9fF4B9876913E75FEF on chain 1", "processedAt": -911531770}
{"chainId":1,"tokenAddress":"0x1Bd2bBBe1649f2d584d7fbBed289684C6ED61581"}	{"metadata": "Metadata for token 0x1Bd2bBBe1649f2d584d7fbBed289684C6ED61581 on chain 1", "processedAt": -911531770}
{"chainId":1,"tokenAddress":"0xD909202b107be6a536fa96f35e3498C3a4A81A07"}	{"metadata": "Metadata for token 0xD909202b107be6a536fa96f35e3498C3a4A81A07 on chain 1", "processedAt": -911531770}
{"chainId":1,"tokenAddress":"0xC190686E5aaB1e44b5b0807D10B856AB5682dd5a"}	{"metadata": "Metadata for token 0xC190686E5aaB1e44b5b0807D10B856AB5682dd5a on chain 1", "processedAt": -911531770}
{"chainId":1,"tokenAddress":"0xB8DE8854cdafC06A4ED52Dd995FddfAa06FD7F2f"}	{"metadata": "Metadata for token 0xB8DE8854cdafC06A4ED52Dd995FddfAa06FD7F2f on chain 1", "processedAt": -911531770}
{"chainId":1,"tokenAddress":"0x288FdD651554369d4Da44741328A3193fa31947e"}	{"metadata": "Metadata for token 0x288FdD651554369d4Da44741328A3193fa31947e on chain 1", "processedAt": -911531770}
{"chainId":1,"tokenAddress":"0xe9439478F5de235285ffBbF9ef9725A287F0f8ab"}	{"metadata": "Metadata for token 0xe9439478F5de235285ffBbF9ef9725A287F0f8ab on chain 1", "processedAt": -911531770}
{"chainId":1,"tokenAddress":"0xDa0Bf6b712aDFBbAbF3b2bB9f36856e6Ae665525"}	{"metadata": "Metadata for token 0xDa0Bf6b712aDFBbAbF3b2bB9f36856e6Ae665525 on chain 1", "processedAt": -911531770}
{"chainId":1,"tokenAddress":"0x83fFC24d41F42daf16E63f88e5018C0bCF67d4D7"}	{"metadata": "Metadata for token 0x83fFC24d41F42daf16E63f88e5018C0bCF67d4D7 on chain 1", "processedAt": -911531770}
{"chainId":1,"tokenAddress":"0xa9fb2951093f26BfA1a426aca0cEaAc18d470178"}	{"metadata": "Metadata for token 0xa9fb2951093f26BfA1a426aca0cEaAc18d470178 on chain 1", "processedAt": -911531770}
{"chainId":1,"tokenAddress":"0x4e10cfe992521d0334AdeAf5A8F9DaaEbF13696A"}	{"metadata": "Metadata for token 0x4e10cfe992521d0334AdeAf5A8F9DaaEbF13696A on chain 1", "processedAt": -911531770}
{"chainId":1,"tokenAddress":"0xC446477e8a5dA5d114A08A2b097CF922Ed7b08a8"}	{"metadata": "Metadata for token 0xC446477e8a5dA5d114A08A2b097CF922Ed7b08a8 on chain 1", "processedAt": -911531769}
{"chainId":1,"tokenAddress":"0x1cF3bd50ae5BbBFd821b4dAe677D7bD605B7bEa7"}	{"metadata": "Metadata for token 0x1cF3bd50ae5BbBFd821b4dAe677D7bD605B7bEa7 on chain 1", "processedAt": -911531769}
{"chainId":1,"tokenAddress":"0x9F76396210983F90EcBa27Ba032C69342DE2a026"}	{"metadata": "Metadata for token 0x9F76396210983F90EcBa27Ba032C69342DE2a026 on chain 1", "processedAt": -911531769}
{"chainId":1,"tokenAddress":"0x804275083D1095c6447861d77e840567623FdaB1"}	{"metadata": "Metadata for token 0x804275083D1095c6447861d77e840567623FdaB1 on chain 1", "processedAt": -911531769}
{"chainId":1,"tokenAddress":"0x2608d318F2A76A0a4c3b9b3Be03C4aF97E9353ae"}	{"metadata": "Metadata for token 0x2608d318F2A76A0a4c3b9b3Be03C4aF97E9353ae on chain 1", "processedAt": -911531769}
{"chainId":1,"tokenAddress":"0x6535A414bA79DFD2CEd381D95B2B7363D80E82A8"}	{"metadata": "Metadata for token 0x6535A414bA79DFD2CEd381D95B2B7363D80E82A8 on chain 1", "processedAt": -911531769}
{"chainId":1,"tokenAddress":"0xc3FFccD710676D1baB6E206f14225CB1Ba6c684d"}	{"metadata": "Metadata for token 0xc3FFccD710676D1baB6E206f14225CB1Ba6c684d on chain 1", "processedAt": -911531769}
{"chainId":1,"tokenAddress":"0xE9E9C4fde24D15fD87f4D46D33374EF64aB32880"}	{"metadata": "Metadata for token 0xE9E9C4fde24D15fD87f4D46D33374EF64aB32880 on chain 1", "processedAt": -911531769}
{"chainId":1,"tokenAddress":"0xF2cfF169CB8202d98eA8A68B0d1e03276f2ef5b9"}	{"metadata": "Metadata for token 0xF2cfF169CB8202d98eA8A68B0d1e03276f2ef5b9 on chain 1", "processedAt": -911531769}
{"chainId":1,"tokenAddress":"0x522ABaBE740244Db640dcCAABB3aDFFfd9d6fd34"}	{"metadata": "Metadata for token 0x522ABaBE740244Db640dcCAABB3aDFFfd9d6fd34 on chain 1", "processedAt": -911531769}
{"chainId":1,"tokenAddress":"0x89A4609f85bdE3B03cE080D2aCd9D7492a4Df4D0"}	{"metadata": "Metadata for token 0x89A4609f85bdE3B03cE080D2aCd9D7492a4Df4D0 on chain 1", "processedAt": -911531769}
{"chainId":1,"tokenAddress":"0xe5FA2a93d09C7f44c73bbD5850EF0c9c610edf70"}	{"metadata": "Metadata for token 0xe5FA2a93d09C7f44c73bbD5850EF0c9c610edf70 on chain 1", "processedAt": -911531769}
{"chainId":1,"tokenAddress":"0xcC8E708582fdd7E8A00058f3b4a541e56C3EEF79"}	{"metadata": "Metadata for token 0xcC8E708582fdd7E8A00058f3b4a541e56C3EEF79 on chain 1", "processedAt": -911531769}
{"chainId":1,"tokenAddress":"0xE2e8b05946CD64414e8881F39F09eF70A1b683Fd"}	{"metadata": "Metadata for token 0xE2e8b05946CD64414e8881F39F09eF70A1b683Fd on chain 1", "processedAt": -911531769}
{"chainId":1,"tokenAddress":"0x93283C9DCEe03Fa5e452CCDE96BF988b970c36b8"}	{"metadata": "Metadata for token 0x93283C9DCEe03Fa5e452CCDE96BF988b970c36b8 on chain 1", "processedAt": -911531769}
{"chainId":1,"tokenAddress":"0xD4557aA78A390CaDBFe74f3eCFC5CA9B483dE5fF"}	{"metadata": "Metadata for token 0xD4557aA78A390CaDBFe74f3eCFC5CA9B483dE5fF on chain 1", "processedAt": -911531769}
{"chainId":1,"tokenAddress":"0x81b70090d10AD200125AEfb7FF8590a5866B089f"}	{"metadata": "Metadata for token 0x81b70090d10AD200125AEfb7FF8590a5866B089f on chain 1", "processedAt": -911531768}
{"chainId":1,"tokenAddress":"0x7e60Dd5E7B7604Aa171C43456a3BC783A5b5Df6D"}	{"metadata": "Metadata for token 0x7e60Dd5E7B7604Aa171C43456a3BC783A5b5Df6D on chain 1", "processedAt": -911531768}
{"chainId":1,"tokenAddress":"0x4751f312382005Ac353aCC6fE4918627949f45b6"}	{"metadata": "Metadata for token 0x4751f312382005Ac353aCC6fE4918627949f45b6 on chain 1", "processedAt": -911531768}
{"chainId":1,"tokenAddress":"0xfc4A70cD92B32A687C45c1f1F6f4920a9D852f13"}	{"metadata": "Metadata for token 0xfc4A70cD92B32A687C45c1f1F6f4920a9D852f13 on chain 1", "processedAt": -911531768}
{"chainId":1,"tokenAddress":"0xB275AfA5d367a50Dd88EbC8296734e274186B7ae"}	{"metadata": "Metadata for token 0xB275AfA5d367a50Dd88EbC8296734e274186B7ae on chain 1", "processedAt": -911531768}
{"chainId":1,"tokenAddress":"0xA5c120e6e87dE04dfFdbfbeF85B3f0798a7865fF"}	{"metadata": "Metadata for token 0xA5c120e6e87dE04dfFdbfbeF85B3f0798a7865fF on chain 1", "processedAt": -911531768}
{"chainId":1,"tokenAddress":"0x601CD6A21c419ADAB360E5D199683Cc9a31c7f39"}	{"metadata": "Metadata for token 0x601CD6A21c419ADAB360E5D199683Cc9a31c7f39 on chain 1", "processedAt": -911531768}
{"chainId":1,"tokenAddress":"0x72B8f99D7663009607154A55a783EE6e4FBfaB9C"}	{"metadata": "Metadata for token 0x72B8f99D7663009607154A55a783EE6e4FBfaB9C on chain 1", "processedAt": -911531767}
{"chainId":1,"tokenAddress":"0x3fADdE945304A36Cc2950c3674DC933141a0412B"}	{"metadata": "Metadata for token 0x3fADdE945304A36Cc2950c3674DC933141a0412B on chain 1", "processedAt": -911531767}
{"chainId":1,"tokenAddress":"0x2bFE30b66C0EC7dEE672b99b8b2d979b507a92eE"}	{"metadata": "Metadata for token 0x2bFE30b66C0EC7dEE672b99b8b2d979b507a92eE on chain 1", "processedAt": -911531767}
{"chainId":1,"tokenAddress":"0xC542530AFaA1AAc8143471e9D1E8A36550f398D1"}	{"metadata": "Metadata for token 0xC542530AFaA1AAc8143471e9D1E8A36550f398D1 on chain 1", "processedAt": -911531766}
{"chainId":1,"tokenAddress":"0x12F38c8B215fE7Ff25042a045a7961D35335e7fd"}	{"metadata": "Metadata for token 0x12F38c8B215fE7Ff25042a045a7961D35335e7fd on chain 1", "processedAt": -911531766}
{"chainId":1,"tokenAddress":"0x90c9860B053F79442e08AC55BC689b0dB669fe4F"}	{"metadata": "Metadata for token 0x90c9860B053F79442e08AC55BC689b0dB669fe4F on chain 1", "processedAt": -911531766}
{"chainId":1,"tokenAddress":"0x70F6320F7269811A217d900Cb0483dd7735cF782"}	{"metadata": "Metadata for token 0x70F6320F7269811A217d900Cb0483dd7735cF782 on chain 1", "processedAt": -911531766}
{"chainId":1,"tokenAddress":"0x5F6EA4A9fC88259d0991D20576AA24Bfb6BE177f"}	{"metadata": "Metadata for token 0x5F6EA4A9fC88259d0991D20576AA24Bfb6BE177f on chain 1", "processedAt": -911531766}
{"chainId":1,"tokenAddress":"0x6a96617620E179Edb6a1a7281952842Dce8C7E83"}	{"metadata": "Metadata for token 0x6a96617620E179Edb6a1a7281952842Dce8C7E83 on chain 1", "processedAt": -911531766}
{"chainId":1,"tokenAddress":"0x805F0bC336c798E11A319EB78c45cada920290f9"}	{"metadata": "Metadata for token 0x805F0bC336c798E11A319EB78c45cada920290f9 on chain 1", "processedAt": -911531766}
{"chainId":1,"tokenAddress":"0xFAd8942e3e0C4555670A70bFC4D23Cd2e6800D1E"}	{"metadata": "Metadata for token 0xFAd8942e3e0C4555670A70bFC4D23Cd2e6800D1E on chain 1", "processedAt": -911531766}
{"chainId":1,"tokenAddress":"0x059CFa8630065EAef7DB234745407c9b5175e0c7"}	{"metadata": "Metadata for token 0x059CFa8630065EAef7DB234745407c9b5175e0c7 on chain 1", "processedAt": -911531766}
{"chainId":1,"tokenAddress":"0x971A89B8279CACC848eB8035a75d796CCE5216FB"}	{"metadata": "Metadata for token 0x971A89B8279CACC848eB8035a75d796CCE5216FB on chain 1", "processedAt": -911531766}
{"chainId":1,"tokenAddress":"0x95bBd7E7aE5C9200d8e618833827D6A5B81ba1cB"}	{"metadata": "Metadata for token 0x95bBd7E7aE5C9200d8e618833827D6A5B81ba1cB on chain 1", "processedAt": -911531766}
{"chainId":1,"tokenAddress":"0x96B60d8Ec3e6588692c423c566Bf96672397F572"}	{"metadata": "Metadata for token 0x96B60d8Ec3e6588692c423c566Bf96672397F572 on chain 1", "processedAt": -911531766}
{"chainId":1,"tokenAddress":"0xc0BEeEbEF72D75842E75929C8f6c1b19f3DEA23d"}	{"metadata": "Metadata for token 0xc0BEeEbEF72D75842E75929C8f6c1b19f3DEA23d on chain 1", "processedAt": -911531766}
{"chainId":1,"tokenAddress":"0xBD53D9F0b09bF7C1B80891452A536E817502453c"}	{"metadata": "Metadata for token 0xBD53D9F0b09bF7C1B80891452A536E817502453c on chain 1", "processedAt": -911531766}
{"chainId":1,"tokenAddress":"0x88f99761754c7C2d866C548bA65faDcBc4A84dd8"}	{"metadata": "Metadata for token 0x88f99761754c7C2d866C548bA65faDcBc4A84dd8 on chain 1", "processedAt": -911531766}
{"chainId":1,"tokenAddress":"0xdb77368f31992fdB702D472871741E237Bcf3b5a"}	{"metadata": "Metadata for token 0xdb77368f31992fdB702D472871741E237Bcf3b5a on chain 1", "processedAt": -911531766}
{"chainId":1,"tokenAddress":"0x45ce4512DE50cb0c8d0b90030236D12c111DCEa7"}	{"metadata": "Metadata for token 0x45ce4512DE50cb0c8d0b90030236D12c111DCEa7 on chain 1", "processedAt": -911531766}
{"chainId":1,"tokenAddress":"0xe0e31f061B7264D0af336d5DB0205C40B3341495"}	{"metadata": "Metadata for token 0xe0e31f061B7264D0af336d5DB0205C40B3341495 on chain 1", "processedAt": -911531766}
{"chainId":1,"tokenAddress":"0x7498DBF5f219F74e4218b15e53d253708078d4C7"}	{"metadata": "Metadata for token 0x7498DBF5f219F74e4218b15e53d253708078d4C7 on chain 1", "processedAt": -911531766}
{"chainId":1,"tokenAddress":"0x64b35BDA8D95738d8EA3D9b8919FE20B9C6a80ad"}	{"metadata": "Metadata for token 0x64b35BDA8D95738d8EA3D9b8919FE20B9C6a80ad on chain 1", "processedAt": -911531766}
{"chainId":1,"tokenAddress":"0x7B071c7C3257A6F14860b61529D15A6721868015"}	{"metadata": "Metadata for token 0x7B071c7C3257A6F14860b61529D15A6721868015 on chain 1", "processedAt": -911531766}
{"chainId":1,"tokenAddress":"0x46Dc30575C256dB994535f313447361f60B1fFd1"}	{"metadata": "Metadata for token 0x46Dc30575C256dB994535f313447361f60B1fFd1 on chain 1", "processedAt": -911531766}
{"chainId":1,"tokenAddress":"0xa35f233822cdf8FCEBA04C27676d535124D4A940"}	{"metadata": "Metadata for token 0xa35f233822cdf8FCEBA04C27676d535124D4A940 on chain 1", "processedAt": -911531766}
{"chainId":1,"tokenAddress":"0x4960b83719cbD574d131798402b837957B9dC1e3"}	{"metadata": "Metadata for token 0x4960b83719cbD574d131798402b837957B9dC1e3 on chain 1", "processedAt": -911531766}
{"chainId":1,"tokenAddress":"0x2BF4A701470dfe06baBd313926a1EbCDcD5806C1"}	{"metadata": "Metadata for token 0x2BF4A701470dfe06baBd313926a1EbCDcD5806C1 on chain 1", "processedAt": -911531766}
{"chainId":1,"tokenAddress":"0xb4dc9089f01c113bBff96BA80cFEa15348A65c02"}	{"metadata": "Metadata for token 0xb4dc9089f01c113bBff96BA80cFEa15348A65c02 on chain 1", "processedAt": -911531766}
{"chainId":1,"tokenAddress":"0x2948ad98c65333B44D2685549076AEEA99210d8f"}	{"metadata": "Metadata for token 0x2948ad98c65333B44D2685549076AEEA99210d8f on chain 1", "processedAt": -911531766}
{"chainId":1,"tokenAddress":"0xa6C46BF87268241c69b8e573F515CE27Ca5E110D"}	{"metadata": "Metadata for token 0xa6C46BF87268241c69b8e573F515CE27Ca5E110D on chain 1", "processedAt": -911531765}
{"chainId":1,"tokenAddress":"0xcF0178f7Dc07f1B5633c209A715Ac4f46f7DF271"}	{"metadata": "Metadata for token 0xcF0178f7Dc07f1B5633c209A715Ac4f46f7DF271 on chain 1", "processedAt": -911531765}
{"chainId":1,"tokenAddress":"0x076D693A7bDD9D6d9FE935FAf07868C4418dc468"}	{"metadata": "Metadata for token 0x076D693A7bDD9D6d9FE935FAf07868C4418dc468 on chain 1", "processedAt": -911531765}
{"chainId":1,"tokenAddress":"0xA3151A4c5137D035d727859039F97244ac2F97bE"}	{"metadata": "Metadata for token 0xA3151A4c5137D035d727859039F97244ac2F97bE on chain 1", "processedAt": -911531765}
{"chainId":1,"tokenAddress":"0xb6Eec1405170fE0F4E0A5dC229ce1b42014886a8"}	{"metadata": "Metadata for token 0xb6Eec1405170fE0F4E0A5dC229ce1b42014886a8 on chain 1", "processedAt": -911531765}
{"chainId":1,"tokenAddress":"0x18841dA019FEf7AF982F5a66badc9AE7762c7475"}	{"metadata": "Metadata for token 0x18841dA019FEf7AF982F5a66badc9AE7762c7475 on chain 1", "processedAt": -911531765}
{"chainId":1,"tokenAddress":"0x836f3d4f90E16AbCCa5A2aE32734fEC7851861dC"}	{"metadata": "Metadata for token 0x836f3d4f90E16AbCCa5A2aE32734fEC7851861dC on chain 1", "processedAt": -911531765}
{"chainId":1,"tokenAddress":"0x2451e27F270D60134Ac858209B536FBFDB22A5a1"}	{"metadata": "Metadata for token 0x2451e27F270D60134Ac858209B536FBFDB22A5a1 on chain 1", "processedAt": -911531765}
{"chainId":1,"tokenAddress":"0xF8CD93410f5A6f9DEd82E6d691285D49edDC3472"}	{"metadata": "Metadata for token 0xF8CD93410f5A6f9DEd82E6d691285D49edDC3472 on chain 1", "processedAt": -911531765}
{"chainId":1,"tokenAddress":"0xc03C9484A5eEb54f46474909C987E899CE543135"}	{"metadata": "Metadata for token 0xc03C9484A5eEb54f46474909C987E899CE543135 on chain 1", "processedAt": -911531765}
{"chainId":1,"tokenAddress":"0xE316beDB25683134E78b3acD570770C9e52bDa43"}	{"metadata": "Metadata for token 0xE316beDB25683134E78b3acD570770C9e52bDa43 on chain 1", "processedAt": -911531765}
{"chainId":1,"tokenAddress":"0xBDE5c0bBa5a37C49E736F70EC6151695C1100Ea5"}	{"metadata": "Metadata for token 0xBDE5c0bBa5a37C49E736F70EC6151695C1100Ea5 on chain 1", "processedAt": -911531765}
{"chainId":1,"tokenAddress":"0x4E959520bbF9fbFA371CB6C9A56E653E7D51E13E"}	{"metadata": "Metadata for token 0x4E959520bbF9fbFA371CB6C9A56E653E7D51E13E on chain 1", "processedAt": -911531765}
{"chainId":1,"tokenAddress":"0x79604F5D24EE15df93f247a102F55a44C9DD749f"}	{"metadata": "Metadata for token 0x79604F5D24EE15df93f247a102F55a44C9DD749f on chain 1", "processedAt": -911531765}
{"chainId":1,"tokenAddress":"0xBe63D3236994cb44d3817a5AEF6A9f7B67cF78c3"}	{"metadata": "Metadata for token 0xBe63D3236994cb44d3817a5AEF6A9f7B67cF78c3 on chain 1", "processedAt": -911531765}
{"chainId":1,"tokenAddress":"0xf87593f519E9d11ADbdd66F2C8c10ab434770BB2"}	{"metadata": "Metadata for token 0xf87593f519E9d11ADbdd66F2C8c10ab434770BB2 on chain 1", "processedAt": -911531765}
{"chainId":1,"tokenAddress":"0x29372e9A568696fD9444D799304625a01C544148"}	{"metadata": "Metadata for token 0x29372e9A568696fD9444D799304625a01C544148 on chain 1", "processedAt": -911531765}
{"chainId":1,"tokenAddress":"0x84b5B5B5EFC17A8c492269827C27BB3A84b40181"}	{"metadata": "Metadata for token 0x84b5B5B5EFC17A8c492269827C27BB3A84b40181 on chain 1", "processedAt": -911531765}
{"chainId":1,"tokenAddress":"0xa20F3e3F9EC68F6CD27d3CD20723f929a8A5Db51"}	{"metadata": "Metadata for token 0xa20F3e3F9EC68F6CD27d3CD20723f929a8A5Db51 on chain 1", "processedAt": -911531765}
{"chainId":1,"tokenAddress":"0x046581f34B72334f8E511282cC0D18EBda728E97"}	{"metadata": "Metadata for token 0x046581f34B72334f8E511282cC0D18EBda728E97 on chain 1", "processedAt": -911531764}
{"chainId":1,"tokenAddress":"0x50C8BfAC03f030655632fF4CE1Edf60264852Af6"}	{"metadata": "Metadata for token 0x50C8BfAC03f030655632fF4CE1Edf60264852Af6 on chain 1", "processedAt": -911531764}
{"chainId":1,"tokenAddress":"0xE82ff289b310B9a3a0652c46F8835d533C5a9BF4"}	{"metadata": "Metadata for token 0xE82ff289b310B9a3a0652c46F8835d533C5a9BF4 on chain 1", "processedAt": -911531764}
{"chainId":1,"tokenAddress":"0x90d874da29F9E9098D982DbF8041F42C9c01d48C"}	{"metadata": "Metadata for token 0x90d874da29F9E9098D982DbF8041F42C9c01d48C on chain 1", "processedAt": -911531764}
{"chainId":1,"tokenAddress":"0x19E5D4e6034137eCADD73F06273473EB2A54E045"}	{"metadata": "Metadata for token 0x19E5D4e6034137eCADD73F06273473EB2A54E045 on chain 1", "processedAt": -911531764}
{"chainId":1,"tokenAddress":"0xb961c8A2724D3E14cbB995B94013B0464fD307FA"}	{"metadata": "Metadata for token 0xb961c8A2724D3E14cbB995B94013B0464fD307FA on chain 1", "processedAt": -911531764}
{"chainId":1,"tokenAddress":"0x49d59b709172CCEEB88746fC79582F6994E16992"}	{"metadata": "Metadata for token 0x49d59b709172CCEEB88746fC79582F6994E16992 on chain 1", "processedAt": -911531764}
{"chainId":1,"tokenAddress":"0xB2f237e045c261b519eD772F4a51d3B0C20A64e7"}	{"metadata": "Metadata for token 0xB2f237e045c261b519eD772F4a51d3B0C20A64e7 on chain 1", "processedAt": -911531764}
{"chainId":1,"tokenAddress":"0xD253Bd5C53D343a912281f2691902aCceD82963F"}	{"metadata": "Metadata for token 0xD253Bd5C53D343a912281f2691902aCceD82963F on chain 1", "processedAt": -911531764}
{"chainId":1,"tokenAddress":"0x4112759718A38911CcdB24c58be0A01a46Ef8D82"}	{"metadata": "Metadata for token 0x4112759718A38911CcdB24c58be0A01a46Ef8D82 on chain 1", "processedAt": -911531764}
{"chainId":1,"tokenAddress":"0xfB667A6Cf7eBc3DF94d8BbD16AF31b03c49295b4"}	{"metadata": "Metadata for token 0xfB667A6Cf7eBc3DF94d8BbD16AF31b03c49295b4 on chain 1", "processedAt": -911531764}
{"chainId":1,"tokenAddress":"0x9969EC5356D5A3728d38e2ca3cF4E2385A61b59d"}	{"metadata": "Metadata for token 0x9969EC5356D5A3728d38e2ca3cF4E2385A61b59d on chain 1", "processedAt": -911531764}
{"chainId":1,"tokenAddress":"0x2aBA43d360DEAD446789755E10de82e5d4B43135"}	{"metadata": "Metadata for token 0x2aBA43d360DEAD446789755E10de82e5d4B43135 on chain 1", "processedAt": -911531764}
{"chainId":1,"tokenAddress":"0x9e076c2FF713E025760b468d6B22992B487BC644"}	{"metadata": "Metadata for token 0x9e076c2FF713E025760b468d6B22992B487BC644 on chain 1", "processedAt": -911531764}
{"chainId":1,"tokenAddress":"0xde85e917a6FF6b6BEdEdbcF16CB10A8223EDE2DD"}	{"metadata": "Metadata for token 0xde85e917a6FF6b6BEdEdbcF16CB10A8223EDE2DD on chain 1", "processedAt": -911531764}
{"chainId":1,"tokenAddress":"0x1F29a16D2B0de7460D43c7a8B5F0EB747df9fdF5"}	{"metadata": "Metadata for token 0x1F29a16D2B0de7460D43c7a8B5F0EB747df9fdF5 on chain 1", "processedAt": -911531764}
{"chainId":1,"tokenAddress":"0x8492D8271C7f665e33Ac3d141Fa2037C13bf706a"}	{"metadata": "Metadata for token 0x8492D8271C7f665e33Ac3d141Fa2037C13bf706a on chain 1", "processedAt": -911531764}
{"chainId":1,"tokenAddress":"0xFE38b818b34f901B64fa6c59f86D4c012160a7D8"}	{"metadata": "Metadata for token 0xFE38b818b34f901B64fa6c59f86D4c012160a7D8 on chain 1", "processedAt": -911531764}
{"chainId":1,"tokenAddress":"0x2d4995C63c1a740a26BD3802D8A3030cd43A0D4B"}	{"metadata": "Metadata for token 0x2d4995C63c1a740a26BD3802D8A3030cd43A0D4B on chain 1", "processedAt": -911531764}
{"chainId":1,"tokenAddress":"0xE4d9622497d3EacE0e019f272f0061B6c1081Fe8"}	{"metadata": "Metadata for token 0xE4d9622497d3EacE0e019f272f0061B6c1081Fe8 on chain 1", "processedAt": -911531763}
{"chainId":1,"tokenAddress":"0xaA0eDcd123aEe2533b9D3E1f4a361909C8b2D384"}	{"metadata": "Metadata for token 0xaA0eDcd123aEe2533b9D3E1f4a361909C8b2D384 on chain 1", "processedAt": -911531763}
{"chainId":1,"tokenAddress":"0x4258dE016D888cb44add23F37eF4d1659926f7bc"}	{"metadata": "Metadata for token 0x4258dE016D888cb44add23F37eF4d1659926f7bc on chain 1", "processedAt": -911531763}
{"chainId":1,"tokenAddress":"0x8Ce6Af0aad2676659116cf57Fb44Eebf37dFAcce"}	{"metadata": "Metadata for token 0x8Ce6Af0aad2676659116cf57Fb44Eebf37dFAcce on chain 1", "processedAt": -911531763}
{"chainId":1,"tokenAddress":"0xB48197e386aFD89239FA2F62A9d54A3963401742"}	{"metadata": "Metadata for token 0xB48197e386aFD89239FA2F62A9d54A3963401742 on chain 1", "processedAt": -911531763}
{"chainId":1,"tokenAddress":"0xE1e22DdBfF3D6Ecc8e9A4aC5aF8f9192b91C28Dd"}	{"metadata": "Metadata for token 0xE1e22DdBfF3D6Ecc8e9A4aC5aF8f9192b91C28Dd on chain 1", "processedAt": -911531763}
{"chainId":1,"tokenAddress":"0x29074A3F0cCe7C15a4d1A899046Eb401e2495553"}	{"metadata": "Metadata for token 0x29074A3F0cCe7C15a4d1A899046Eb401e2495553 on chain 1", "processedAt": -911531763}
{"chainId":1,"tokenAddress":"0xc890854d33e76D3208Fd4fa9a7a254e269B6Faf1"}	{"metadata": "Metadata for token 0xc890854d33e76D3208Fd4fa9a7a254e269B6Faf1 on chain 1", "processedAt": -911531763}
{"chainId":1,"tokenAddress":"0x14BC412C125aC1e29759e5c77bC955BA4E5cc7C5"}	{"metadata": "Metadata for token 0x14BC412C125aC1e29759e5c77bC955BA4E5cc7C5 on chain 1", "processedAt": -911531763}
{"chainId":1,"tokenAddress":"0x73F17d81E1CEBF085BFA21F93D5Ee47Bd50110E9"}	{"metadata": "Metadata for token 0x73F17d81E1CEBF085BFA21F93D5Ee47Bd50110E9 on chain 1", "processedAt": -911531763}
{"chainId":1,"tokenAddress":"0xb66329DCC17d7A191F1fAE9feA419eAaF5bF4196"}	{"metadata": "Metadata for token 0xb66329DCC17d7A191F1fAE9feA419eAaF5bF4196 on chain 1", "processedAt": -911531763}
{"chainId":1,"tokenAddress":"0x3693fd44b16DC9316ed69A029985B3170dC11466"}	{"metadata": "Metadata for token 0x3693fd44b16DC9316ed69A029985B3170dC11466 on chain 1", "processedAt": -911531763}
{"chainId":1,"tokenAddress":"0x6d4DE8732D6D059DECaAbeA0e792a28668d5dBa4"}	{"metadata": "Metadata for token 0x6d4DE8732D6D059DECaAbeA0e792a28668d5dBa4 on chain 1", "processedAt": -911531763}
{"chainId":1,"tokenAddress":"0xc6c0569CA7DD9D7F2903Cc40B495D8205eA13012"}	{"metadata": "Metadata for token 0xc6c0569CA7DD9D7F2903Cc40B495D8205eA13012 on chain 1", "processedAt": -911531763}
{"chainId":1,"tokenAddress":"0xCa14d1Ad1ad5d69A489100c2e6012007C361bc92"}	{"metadata": "Metadata for token 0xCa14d1Ad1ad5d69A489100c2e6012007C361bc92 on chain 1", "processedAt": -911531763}
{"chainId":1,"tokenAddress":"0xc1dc9CFB310468EeaB6fbDc513e9D60D32F60Bad"}	{"metadata": "Metadata for token 0xc1dc9CFB310468EeaB6fbDc513e9D60D32F60Bad on chain 1", "processedAt": -911531763}
{"chainId":1,"tokenAddress":"0x5D49d090Ba58d4443e9eD06fa0F6D036914480C6"}	{"metadata": "Metadata for token 0x5D49d090Ba58d4443e9eD06fa0F6D036914480C6 on chain 1", "processedAt": -911531763}
{"chainId":1,"tokenAddress":"0x25fe95cA5F0Af4b40DBB153Dff6C6bF4F093aBB8"}	{"metadata": "Metadata for token 0x25fe95cA5F0Af4b40DBB153Dff6C6bF4F093aBB8 on chain 1", "processedAt": -911531763}
{"chainId":1,"tokenAddress":"0xf0C1162fF7F3119a35842609f49Af1087a5816DE"}	{"metadata": "Metadata for token 0xf0C1162fF7F3119a35842609f49Af1087a5816DE on chain 1", "processedAt": -911531763}
{"chainId":1,"tokenAddress":"0xdF1db8Da82513cC33B52c20828b2d3C337E59896"}	{"metadata": "Metadata for token 0xdF1db8Da82513cC33B52c20828b2d3C337E59896 on chain 1", "processedAt": -911531763}
{"chainId":1,"tokenAddress":"0x9eA98E2c9048109467a8D8d9CF3bD4Ae79F24744"}	{"metadata": "Metadata for token 0x9eA98E2c9048109467a8D8d9CF3bD4Ae79F24744 on chain 1", "processedAt": -911531762}
{"chainId":1,"tokenAddress":"0x2fF68Dd539ca6eDC3057b428A09Ed283C7673986"}	{"metadata": "Metadata for token 0x2fF68Dd539ca6eDC3057b428A09Ed283C7673986 on chain 1", "processedAt": -911531762}
{"chainId":1,"tokenAddress":"0xC77f06Da4c067cD6bf43c5C6536BE69E71494C69"}	{"metadata": "Metadata for token 0xC77f06Da4c067cD6bf43c5C6536BE69E71494C69 on chain 1", "processedAt": -911531762}
{"chainId":1,"tokenAddress":"0x5F35437CB813e53F4325637d83ee6d329bEb8734"}	{"metadata": "Metadata for token 0x5F35437CB813e53F4325637d83ee6d329bEb8734 on chain 1", "processedAt": -911531762}
{"chainId":1,"tokenAddress":"0xc5e8B9Ff6DA4640812eB5aa866d7BaeBf49ea03A"}	{"metadata": "Metadata for token 0xc5e8B9Ff6DA4640812eB5aa866d7BaeBf49ea03A on chain 1", "processedAt": -911531762}
{"chainId":1,"tokenAddress":"0x5A165B5223200a52A2e0286742AeC6AB0E47bd93"}	{"metadata": "Metadata for token 0x5A165B5223200a52A2e0286742AeC6AB0E47bd93 on chain 1", "processedAt": -911531762}
{"chainId":1,"tokenAddress":"0x59717002953F51Ba30fFBC944b187629b81B301d"}	{"metadata": "Metadata for token 0x59717002953F51Ba30fFBC944b187629b81B301d on chain 1", "processedAt": -911531762}
{"chainId":1,"tokenAddress":"0x7D58602D4dfbE6957EAd084c1B6f33767b5C9863"}	{"metadata": "Metadata for token 0x7D58602D4dfbE6957EAd084c1B6f33767b5C9863 on chain 1", "processedAt": -911531762}
{"chainId":1,"tokenAddress":"0x00f0B1E5450753C5d2E156b67E35Fa1a30e6FcD2"}	{"metadata": "Metadata for token 0x00f0B1E5450753C5d2E156b67E35Fa1a30e6FcD2 on chain 1", "processedAt": -911531762}
{"chainId":1,"tokenAddress":"0x2065C6A2504F28daAD5899b857168b060C58D082"}	{"metadata": "Metadata for token 0x2065C6A2504F28daAD5899b857168b060C58D082 on chain 1", "processedAt": -911531762}
{"chainId":1,"tokenAddress":"0x37eA20B1F09fe6Dddd367c5Fdb9D457F7fB9C935"}	{"metadata": "Metadata for token 0x37eA20B1F09fe6Dddd367c5Fdb9D457F7fB9C935 on chain 1", "processedAt": -911531762}
{"chainId":1,"tokenAddress":"0x68aB4EFA113074175188E478bd36826E2710a553"}	{"metadata": "Metadata for token 0x68aB4EFA113074175188E478bd36826E2710a553 on chain 1", "processedAt": -911531762}
{"chainId":1,"tokenAddress":"0x31C6C32F1173640fF2AaCAdDB90CFC8A57D18eaC"}	{"metadata": "Metadata for token 0x31C6C32F1173640fF2AaCAdDB90CFC8A57D18eaC on chain 1", "processedAt": -911531762}
{"chainId":1,"tokenAddress":"0x7e45c6613Cae0Be366Fd2FC677011a3AFAEdb9F4"}	{"metadata": "Metadata for token 0x7e45c6613Cae0Be366Fd2FC677011a3AFAEdb9F4 on chain 1", "processedAt": -911531762}
{"chainId":1,"tokenAddress":"0xE9Eb399f901D58370f986Ce2c33424bA61A93187"}	{"metadata": "Metadata for token 0xE9Eb399f901D58370f986Ce2c33424bA61A93187 on chain 1", "processedAt": -911531762}
{"chainId":1,"tokenAddress":"0xAacB329eAeD5B5beDdcD950DeE3E4Ef791Cc442f"}	{"metadata": "Metadata for token 0xAacB329eAeD5B5beDdcD950DeE3E4Ef791Cc442f on chain 1", "processedAt": -911531762}
{"chainId":1,"tokenAddress":"0xDDDA8FB5460883e68854D62d1EFF8046a28c0352"}	{"metadata": "Metadata for token 0xDDDA8FB5460883e68854D62d1EFF8046a28c0352 on chain 1", "processedAt": -911531762}
{"chainId":1,"tokenAddress":"0x01b25d1F778930769653FfaBCD7E7afEe0CDc84b"}	{"metadata": "Metadata for token 0x01b25d1F778930769653FfaBCD7E7afEe0CDc84b on chain 1", "processedAt": -911531762}
{"chainId":1,"tokenAddress":"0x3b60515A6A7C7B30E2977fFb3aBa1fFBed616B0a"}	{"metadata": "Metadata for token 0x3b60515A6A7C7B30E2977fFb3aBa1fFBed616B0a on chain 1", "processedAt": -911531762}
{"chainId":1,"tokenAddress":"0xB51415543f8658209a41A25C727c972c2B92b0Be"}	{"metadata": "Metadata for token 0xB51415543f8658209a41A25C727c972c2B92b0Be on chain 1", "processedAt": -911531762}
{"chainId":1,"tokenAddress":"0xabB6DE07f9Aac9d88bD74Bd931A8bBBce1a1860D"}	{"metadata": "Metadata for token 0xabB6DE07f9Aac9d88bD74Bd931A8bBBce1a1860D on chain 1", "processedAt": -911531762}
{"chainId":1,"tokenAddress":"0xa6AfD319395358fD67F7899d51AeEA3c2e5f3063"}	{"metadata": "Metadata for token 0xa6AfD319395358fD67F7899d51AeEA3c2e5f3063 on chain 1", "processedAt": -911531761}
{"chainId":1,"tokenAddress":"0x9b111e08FfAD98aD4f493062c65a3a95319d7443"}	{"metadata": "Metadata for token 0x9b111e08FfAD98aD4f493062c65a3a95319d7443 on chain 1", "processedAt": -911531761}
{"chainId":1,"tokenAddress":"0x9B37508B5F859682382d8cb6467A5C7FC5d02e9c"}	{"metadata": "Metadata for token 0x9B37508B5F859682382d8cb6467A5C7FC5d02e9c on chain 1", "processedAt": -911531761}
{"chainId":1,"tokenAddress":"0xd01f7Eec023F87F18BB5f3850ECeb8DCbaC5c0e7"}	{"metadata": "Metadata for token 0xd01f7Eec023F87F18BB5f3850ECeb8DCbaC5c0e7 on chain 1", "processedAt": -911531761}
{"chainId":1,"tokenAddress":"0x82899C4ffdCfDEEfA37c02ced8ef3f12e7820DE8"}	{"metadata": "Metadata for token 0x82899C4ffdCfDEEfA37c02ced8ef3f12e7820DE8 on chain 1", "processedAt": -911531761}
{"chainId":1,"tokenAddress":"0x3eeD371eda66427d49A4147F4975aF8Abaa54a36"}	{"metadata": "Metadata for token 0x3eeD371eda66427d49A4147F4975aF8Abaa54a36 on chain 1", "processedAt": -911531761}
{"chainId":1,"tokenAddress":"0xaEb7C1C2B6a91f3fFCc9AF3445BAa44A2852a546"}	{"metadata": "Metadata for token 0xaEb7C1C2B6a91f3fFCc9AF3445BAa44A2852a546 on chain 1", "processedAt": -911531761}
{"chainId":1,"tokenAddress":"0x08B54D4F5877EE091e31e92523b9791df9eFCE93"}	{"metadata": "Metadata for token 0x08B54D4F5877EE091e31e92523b9791df9eFCE93 on chain 1", "processedAt": -911531761}
{"chainId":1,"tokenAddress":"0xfb43B2A5198726e17f566aA57B52887A11722699"}	{"metadata": "Metadata for token 0xfb43B2A5198726e17f566aA57B52887A11722699 on chain 1", "processedAt": -911531761}
{"chainId":1,"tokenAddress":"0xB66A2478dB78BA8704e6344DBbE5C21b700EA678"}	{"metadata": "Metadata for token 0xB66A2478dB78BA8704e6344DBbE5C21b700EA678 on chain 1", "processedAt": -911531761}
{"chainId":1,"tokenAddress":"0xee2b615320A5a26459CcFe3cE46c0A3989102F85"}	{"metadata": "Metadata for token 0xee2b615320A5a26459CcFe3cE46c0A3989102F85 on chain 1", "processedAt": -911531761}
{"chainId":1,"tokenAddress":"0xC770E485786f12d4776AC6b2437359fd4b7579C4"}	{"metadata": "Metadata for token 0xC770E485786f12d4776AC6b2437359fd4b7579C4 on chain 1", "processedAt": -911531761}
{"chainId":1,"tokenAddress":"0x0AB2024695ac0F8B9245e28a70d5eaf2dcb65CDB"}	{"metadata": "Metadata for token 0x0AB2024695ac0F8B9245e28a70d5eaf2dcb65CDB on chain 1", "processedAt": -911531761}
{"chainId":1,"tokenAddress":"0x9c23511BD6CAc164B48Cb2Ce0B22fa2bDc83e874"}	{"metadata": "Metadata for token 0x9c23511BD6CAc164B48Cb2Ce0B22fa2bDc83e874 on chain 1", "processedAt": -911531761}
{"chainId":1,"tokenAddress":"0x1BF963724A03dd8649950133eAE1f3F0e0c9CAAb"}	{"metadata": "Metadata for token 0x1BF963724A03dd8649950133eAE1f3F0e0c9CAAb on chain 1", "processedAt": -911531761}
{"chainId":1,"tokenAddress":"0xCcbE8E7DDE1A54E1d542117b4639dBCA05d3Cd00"}	{"metadata": "Metadata for token 0xCcbE8E7DDE1A54E1d542117b4639dBCA05d3Cd00 on chain 1", "processedAt": -911531760}
{"chainId":1,"tokenAddress":"0x4F305AAb0EbAf900Bd483De4570d50F39777242E"}	{"metadata": "Metadata for token 0x4F305AAb0EbAf900Bd483De4570d50F39777242E on chain 1", "processedAt": -911531760}
{"chainId":1,"tokenAddress":"0x1c48c43990837E1956dB8d8b000dF2aF7491972d"}	{"metadata": "Metadata for token 0x1c48c43990837E1956dB8d8b000dF2aF7491972d on chain 1", "processedAt": -911531759}
{"chainId":1,"tokenAddress":"0x054c235c1cDc86E9de80BFC349315f3366908376"}	{"metadata": "Metadata for token 0x054c235c1cDc86E9de80BFC349315f3366908376 on chain 1", "processedAt": -911531759}
{"chainId":1,"tokenAddress":"0x89Cbe1e4FA6Dddb1BD67273958f9e6AaC320f12a"}	{"metadata": "Metadata for token 0x89Cbe1e4FA6Dddb1BD67273958f9e6AaC320f12a on chain 1", "processedAt": -911531759}
{"chainId":1,"tokenAddress":"0x225bc3AffC1Da39Bd3CB2100C74A41C62310D1e1"}	{"metadata": "Metadata for token 0x225bc3AffC1Da39Bd3CB2100C74A41C62310D1e1 on chain 1", "processedAt": -911531759}
{"chainId":1,"tokenAddress":"0xACeFf0C5A26d508C3cA95A9270B7fa817692830B"}	{"metadata": "Metadata for token 0xACeFf0C5A26d508C3cA95A9270B7fa817692830B on chain 1", "processedAt": -911531758}
{"chainId":1,"tokenAddress":"0xAbdF2F974dAC3305879EF50a43Fb61f0eE5853F7"}	{"metadata": "Metadata for token 0xAbdF2F974dAC3305879EF50a43Fb61f0eE5853F7 on chain 1", "processedAt": -911531756}
{"chainId":1,"tokenAddress":"0xD9dE084E54A026Cf85E971BD6821Ffa5e8D03F51"}	{"metadata": "Metadata for token 0xD9dE084E54A026Cf85E971BD6821Ffa5e8D03F51 on chain 1", "processedAt": -911531751}
{"chainId":1,"tokenAddress":"0xD7e021cd9096cC0ca642828C1045eB10C6B1fF2E"}	{"metadata": "Metadata for token 0xD7e021cd9096cC0ca642828C1045eB10C6B1fF2E on chain 1", "processedAt": -911531563}
{"chainId":1,"tokenAddress":"0xF1E68897C6fE2AcD54096fd694da03a6a403BBEf"}	{"metadata": "Metadata for token 0xF1E68897C6fE2AcD54096fd694da03a6a403BBEf on chain 1", "processedAt": -911531562}
{"chainId":1,"tokenAddress":"0x7F6B157363e32F3f64DE9E2A94abCd14bc7D5F40"}	{"metadata": "Metadata for token 0x7F6B157363e32F3f64DE9E2A94abCd14bc7D5F40 on chain 1", "processedAt": -911531560}
{"chainId":1,"tokenAddress":"0x44021AD2E70a28193CdC81226087715D6e4f29c0"}	{"metadata": "Metadata for token 0x44021AD2E70a28193CdC81226087715D6e4f29c0 on chain 1", "processedAt": -911531558}
{"chainId":1,"tokenAddress":"0xF45d2e04f875164C0895e4C0f720471EcE1F13b7"}	{"metadata": "Metadata for token 0xF45d2e04f875164C0895e4C0f720471EcE1F13b7 on chain 1", "processedAt": -911531557}
{"chainId":1,"tokenAddress":"0x5d65f51D4060dC0328397c362f3cEaD5fB11725a"}	{"metadata": "Metadata for token 0x5d65f51D4060dC0328397c362f3cEaD5fB11725a on chain 1", "processedAt": -911531556}
{"chainId":1,"tokenAddress":"0x0b11150bc5F4FBe0AE20dF1C61968D6dFCe6cf55"}	{"metadata": "Metadata for token 0x0b11150bc5F4FBe0AE20dF1C61968D6dFCe6cf55 on chain 1", "processedAt": -911531556}
{"chainId":1,"tokenAddress":"0x98F853e2B845A20FE4468665dDA0974459fFb226"}	{"metadata": "Metadata for token 0x98F853e2B845A20FE4468665dDA0974459fFb226 on chain 1", "processedAt": -911531459}
{"chainId":1,"tokenAddress":"0xF2565886a098C86D532AE2780470a7fe56Bac158"}	{"metadata": "Metadata for token 0xF2565886a098C86D532AE2780470a7fe56Bac158 on chain 1", "processedAt": -911531458}
{"chainId":1,"tokenAddress":"0xb9550330BfF5b4AADa6AfcBb6732442c74F80Fd7"}	{"metadata": "Metadata for token 0xb9550330BfF5b4AADa6AfcBb6732442c74F80Fd7 on chain 1", "processedAt": -911531457}
{"chainId":1,"tokenAddress":"0xA7544fCAB57aD7a02555aA7740379556D63274Ae"}	{"metadata": "Metadata for token 0xA7544fCAB57aD7a02555aA7740379556D63274Ae on chain 1", "processedAt": -911531456}
{"chainId":1,"tokenAddress":"0x0be6d73Fe3899575DD54DEd96567B09f73D9cc2f"}	{"metadata": "Metadata for token 0x0be6d73Fe3899575DD54DEd96567B09f73D9cc2f on chain 1", "processedAt": -911531453}
{"chainId":1,"tokenAddress":"0xbDec3312ABC8DbcC73176344DdF11de2FC0E1808"}	{"metadata": "Metadata for token 0xbDec3312ABC8DbcC73176344DdF11de2FC0E1808 on chain 1", "processedAt": -911531440}
{"chainId":1,"tokenAddress":"0x0b8A631Da5FA530bec452Ca634Ada2f35753A9D0"}	{"metadata": "Metadata for token 0x0b8A631Da5FA530bec452Ca634Ada2f35753A9D0 on chain 1", "processedAt": -911531421}
{"chainId":1,"tokenAddress":"0x0042c05dA475FB35e57A31296B08ebF84c1D8DD0"}	{"metadata": "Metadata for token 0x0042c05dA475FB35e57A31296B08ebF84c1D8DD0 on chain 1", "processedAt": -911531417}
{"chainId":1,"tokenAddress":"0x1922ba6C780E9DaeE0CC305b56ba1Ed26Cf6D2bD"}	{"metadata": "Metadata for token 0x1922ba6C780E9DaeE0CC305b56ba1Ed26Cf6D2bD on chain 1", "processedAt": -911531412}
{"chainId":1,"tokenAddress":"0x9FFD480250b8Ae3dB8172DB79B3e1a33CEf2dB21"}	{"metadata": "Metadata for token 0x9FFD480250b8Ae3dB8172DB79B3e1a33CEf2dB21 on chain 1", "processedAt": -911531412}
{"chainId":1,"tokenAddress":"0xED6aC8de7c7CA7e3A22952e09C2a2A1232DDef9A"}	{"metadata": "Metadata for token 0xED6aC8de7c7CA7e3A22952e09C2a2A1232DDef9A on chain 1", "processedAt": -911531351}
{"chainId":1,"tokenAddress":"0x7Bdc6080D83401912Db17A2414c0a302a0b43083"}	{"metadata": "Metadata for token 0x7Bdc6080D83401912Db17A2414c0a302a0b43083 on chain 1", "processedAt": -911531350}
{"chainId":1,"tokenAddress":"0x7099d016b4A8DfB0388f949E01b551eA1790bf2f"}	{"metadata": "Metadata for token 0x7099d016b4A8DfB0388f949E01b551eA1790bf2f on chain 1", "processedAt": -911531342}
{"chainId":1,"tokenAddress":"0x8595A475D1C9A9d1468aad3a8809616C92998Bea"}	{"metadata": "Metadata for token 0x8595A475D1C9A9d1468aad3a8809616C92998Bea on chain 1", "processedAt": -911531338}
